Movie,Year,RunTime,imdb,Genre,votes
A Quiet Place Part II,2020,97 minutes,7.8,"Drama, Horror, Sci-Fi",32800
Zack Snyder's Justice League,2021,242 minutes,8.1,"Action, Adventure, Fantasy",302660
The Mitchells vs the Machines,2021,113 minutes,7.8,"Animation, Adventure, Comedy",58771
Avengers: Endgame,2019,181 minutes,8.4,"Action, Adventure, Drama",888023
The Father,2020,97 minutes,8.3,Drama,70543
Harry Potter and the Sorcerer's Stone,2001,152 minutes,7.6,"Adventure, Family, Fantasy",679585
The Shawshank Redemption,1994,142 minutes,9.3,Drama,2407762
Once Upon a Time... in Hollywood,2019,161 minutes,7.6,"Comedy, Drama",590131
The Big Lebowski,1998,117 minutes,8.1,"Comedy, Crime, Sport",749063
Stand by Me,1986,89 minutes,8.1,"Adventure, Drama",371490
Joker,2019,122 minutes,8.4,"Crime, Drama, Thriller",1011532
Raiders of the Lost Ark,1981,115 minutes,8.4,"Action, Adventure",900718
The Godfather,1972,175 minutes,9.2,"Crime, Drama",1666227
Titanic,1997,194 minutes,7.8,"Drama, Romance",1073506
Gisaengchung,2019,132 minutes,8.6,"Comedy, Drama, Thriller",619334
Gone Girl,2014,149 minutes,8.1,"Drama, Mystery, Thriller",886895
The Gentlemen,2019,113 minutes,7.8,"Action, Comedy, Crime",267670
Thor: Ragnarok,2017,130 minutes,7.9,"Action, Adventure, Comedy",619163
Interstellar,2014,169 minutes,8.6,"Adventure, Drama, Sci-Fi",1569303
The Dark Knight,2008,152 minutes,9.0,"Action, Crime, Drama",2366987
Knives Out,2019,130 minutes,7.9,"Comedy, Crime, Drama",497819
Flipped,2010,90 minutes,7.7,"Comedy, Drama, Romance",83831
Pulp Fiction,1994,154 minutes,8.9,"Crime, Drama",1870078
Druk,2020,117 minutes,7.8,"Comedy, Drama",84011
Back to the Future,1985,116 minutes,8.5,"Adventure, Comedy, Sci-Fi",1087157
Jurassic Park,1993,127 minutes,8.1,"Action, Adventure, Sci-Fi",888899
The Wolf of Wall Street,2013,180 minutes,8.2,"Biography, Crime, Drama",1230982
Gladiator,2000,155 minutes,8.5,"Action, Adventure, Drama",1372454
Inception,2010,148 minutes,8.8,"Action, Adventure, Sci-Fi",2124358
Hamilton,2020,160 minutes,8.4,"Biography, Drama, History",66333
Avengers: Infinity War,2018,149 minutes,8.4,"Action, Adventure, Sci-Fi",886217
The Lord of the Rings: The Fellowship of the Ring,2001,178 minutes,8.8,"Action, Adventure, Drama",1699467
Soul,2020,100 minutes,8.1,"Animation, Adventure, Comedy",251465
Shutter Island,2010,138 minutes,8.2,"Mystery, Thriller",1166529
Forrest Gump,1994,142 minutes,8.8,"Drama, Romance",1860344
No Country for Old Men,2007,122 minutes,8.1,"Crime, Drama, Thriller",881123
Dazed and Confused,1993,102 minutes,7.6,Comedy,170613
Tombstone,1993,130 minutes,7.8,"Action, Biography, Drama",131141
Sound of Metal,2019,120 minutes,7.8,"Drama, Music",92610
Fight Club,1999,139 minutes,8.8,Drama,1900445
Guardians of the Galaxy,2014,121 minutes,8.0,"Action, Adventure, Comedy",1068861
Inglourious Basterds,2009,153 minutes,8.3,"Adventure, Drama, War",1303966
Saving Private Ryan,1998,169 minutes,8.6,"Drama, War",1267857
The Goonies,1985,114 minutes,7.8,"Adventure, Comedy, Family",250095
The Departed,2006,151 minutes,8.5,"Crime, Drama, Thriller",1217852
Blade Runner 2049,2017,164 minutes,8.0,"Action, Drama, Mystery",481965
Baby Driver,2017,113 minutes,7.6,"Action, Crime, Drama",460587
The Matrix,1999,136 minutes,8.7,"Action, Sci-Fi",1717664
The Outlaw Josey Wales,1976,135 minutes,7.8,Western,67347
Harry Potter and the Deathly Hallows: Part 2,2011,130 minutes,8.1,"Adventure, Drama, Fantasy",786012
Goodfellas,1990,146 minutes,8.7,"Biography, Crime, Drama",1047226
Harry Potter and the Goblet of Fire,2005,157 minutes,7.7,"Adventure, Family, Fantasy",562674
Django Unchained,2012,165 minutes,8.4,"Drama, Western",1395518
Watchmen,2009,162 minutes,7.6,"Action, Drama, Mystery",517912
The Silence of the Lambs,1991,118 minutes,8.6,"Crime, Drama, Thriller",1303998
Se7en,1995,127 minutes,8.6,"Crime, Drama, Mystery",1483634
The Avengers,2012,143 minutes,8.0,"Action, Adventure, Sci-Fi",1285909
Léon,1994,110 minutes,8.5,"Action, Crime, Drama",1060498
1917,2019,119 minutes,8.3,"Drama, Thriller, War",466700
Bohemian Rhapsody,2018,134 minutes,7.9,"Biography, Drama, Music",472594
Green Book,2018,130 minutes,8.2,"Biography, Comedy, Drama",408772
Road to Perdition,2002,117 minutes,7.7,"Crime, Drama, Thriller",251743
Alien,1979,117 minutes,8.4,"Horror, Sci-Fi",806276
Prisoners,2013,153 minutes,8.1,"Crime, Drama, Mystery",620847
Deadpool,2016,108 minutes,8.0,"Action, Adventure, Comedy",926690
Schindler's List,1993,195 minutes,8.9,"Biography, Drama, History",1241101
Mystic River,2003,138 minutes,7.9,"Crime, Drama, Mystery",427916
Scarface,1983,170 minutes,8.3,"Crime, Drama",762162
The Green Mile,1999,189 minutes,8.6,"Crime, Drama, Fantasy",1178583
Saw,2004,103 minutes,7.6,"Horror, Mystery, Thriller",388731
Apocalypse Now,1979,147 minutes,8.4,"Drama, Mystery, War",619240
American Beauty,1999,122 minutes,8.3,Drama,1087947
Arrival,2016,116 minutes,7.9,"Drama, Sci-Fi",616365
Harry Potter and the Prisoner of Azkaban,2004,142 minutes,7.9,"Adventure, Family, Fantasy",566963
The Shining,1980,146 minutes,8.4,"Drama, Horror",921705
Mad Max: Fury Road,2015,120 minutes,8.1,"Action, Adventure, Sci-Fi",907069
Skyfall,2012,143 minutes,7.7,"Action, Adventure, Thriller",639741
There Will Be Blood,2007,158 minutes,8.2,Drama,531816
Call Me by Your Name,2017,132 minutes,7.9,"Drama, Romance",225696
The Princess Bride,1987,98 minutes,8.1,"Adventure, Family, Fantasy",400148
Ferris Bueller's Day Off,1986,103 minutes,7.8,Comedy,328002
Pirates of the Caribbean: The Curse of the Black Pearl,2003,143 minutes,8.0,"Action, Adventure, Fantasy",1029895
Whiplash,2014,106 minutes,8.5,"Drama, Music",743512
Guardians of the Galaxy Vol. 2,2017,136 minutes,7.6,"Action, Adventure, Comedy",591375
Moana,2016,107 minutes,7.6,"Animation, Adventure, Comedy",285131
Jojo Rabbit,2019,108 minutes,7.9,"Comedy, Drama, War",323504
The Dark Knight Rises,2012,164 minutes,8.4,"Action, Adventure",1550971
Little Women,2019,135 minutes,7.8,"Drama, Romance",156099
Ford v Ferrari,2019,152 minutes,8.1,"Action, Biography, Drama",317829
Avatar,2009,162 minutes,7.8,"Action, Adventure, Fantasy",1139193
Taxi Driver,1976,114 minutes,8.3,"Crime, Drama",744469
Dunkirk,2017,106 minutes,7.8,"Action, Drama, History",577495
Iron Man,2008,126 minutes,7.9,"Action, Adventure, Sci-Fi",963080
Snatch,2000,104 minutes,8.3,"Comedy, Crime",797350
Wonder,2017,113 minutes,8.0,"Drama, Family",148298
Jaws,1975,124 minutes,8.0,"Adventure, Thriller",552489
American Psycho,2000,101 minutes,7.6,"Comedy, Crime, Drama",510347
Spider-Man: Into the Spider-Verse,2018,117 minutes,8.4,"Animation, Action, Adventure",405163
Sicario,2015,121 minutes,7.6,"Action, Crime, Drama",383415
Ex Machina,2014,108 minutes,7.7,"Drama, Sci-Fi, Thriller",488900
The Prestige,2006,130 minutes,8.5,"Drama, Mystery, Sci-Fi",1220853
Ghostbusters,1984,105 minutes,7.8,"Action, Comedy, Fantasy",363288
The Lord of the Rings: The Return of the King,2003,201 minutes,8.9,"Action, Adventure, Drama",1678554
Oldeuboi,2003,120 minutes,8.4,"Action, Drama, Mystery",529438
Heat,1995,170 minutes,8.2,"Crime, Drama, Thriller",592708
Get Out,2017,104 minutes,7.7,"Horror, Mystery, Thriller",512449
Boogie Nights,1997,155 minutes,7.9,Drama,244454
Aliens,1986,137 minutes,8.3,"Action, Adventure, Sci-Fi",665176
The Irishman,2019,209 minutes,7.8,"Biography, Crime, Drama",340738
Eternal Sunshine of the Spotless Mind,2004,108 minutes,8.3,"Drama, Romance, Sci-Fi",931112
Requiem for a Dream,2000,102 minutes,8.3,Drama,782584
Brokeback Mountain,2005,134 minutes,7.7,"Drama, Romance",331699
The Longest Day,1962,178 minutes,7.8,"Action, Drama, History",52916
Kick-Ass,2010,117 minutes,7.6,"Action, Comedy, Crime",532671
Deadpool 2,2018,119 minutes,7.7,"Action, Adventure, Comedy",501164
Almost Famous,2000,122 minutes,7.9,"Adventure, Comedy, Drama",258743
Memento,2000,113 minutes,8.4,"Mystery, Thriller",1148923
Braveheart,1995,178 minutes,8.3,"Biography, Drama, History",975525
Pride & Prejudice,2005,129 minutes,7.8,"Drama, Romance",267212
Moneyball,2011,133 minutes,7.6,"Biography, Drama, Sport",381789
Mission: Impossible - Fallout,2018,147 minutes,7.7,"Action, Adventure, Thriller",300995
Blade Runner,1982,117 minutes,8.1,"Action, Sci-Fi, Thriller",707766
Harry Potter and the Deathly Hallows: Part 1,2010,146 minutes,7.7,"Adventure, Family, Fantasy",492216
Fargo,1996,98 minutes,8.1,"Crime, Drama, Thriller",631554
La La Land,2016,128 minutes,8.0,"Comedy, Drama, Music",523525
Harry Potter and the Half-Blood Prince,2009,153 minutes,7.6,"Action, Adventure, Family",488927
Black Swan,2010,108 minutes,8.0,"Drama, Thriller",712885
300,2006,117 minutes,7.6,"Action, Drama",747001
Predator,1987,107 minutes,7.8,"Action, Adventure, Sci-Fi",379368
The Usual Suspects,1995,106 minutes,8.5,"Crime, Mystery, Thriller",1010904
Full Metal Jacket,1987,116 minutes,8.3,"Drama, War",688557
Donnie Darko,2001,113 minutes,8.0,"Drama, Mystery, Sci-Fi",752388
The Hateful Eight,2015,168 minutes,7.8,"Crime, Drama, Mystery",534704
Terminator 2: Judgment Day,1991,137 minutes,8.5,"Action, Sci-Fi",1014503
Star Wars,1977,121 minutes,8.6,"Action, Adventure, Fantasy",1254931
Zodiac,2007,157 minutes,7.7,"Crime, Drama, Mystery",482923
The Grand Budapest Hotel,2014,99 minutes,8.1,"Adventure, Comedy, Crime",729911
Kingsman: The Secret Service,2014,129 minutes,7.7,"Action, Adventure, Comedy",603905
The Godfather: Part II,1974,202 minutes,9.0,"Crime, Drama",1157700
Good Will Hunting,1997,126 minutes,8.3,"Drama, Romance",883393
Hacksaw Ridge,2016,139 minutes,8.1,"Biography, Drama, History",453817
The Lion King,1994,88 minutes,8.5,"Animation, Adventure, Drama",965155
The Sixth Sense,1999,107 minutes,8.1,"Drama, Mystery, Thriller",927077
The Breakfast Club,1985,97 minutes,7.8,"Comedy, Drama",365056
Edge of Tomorrow,2014,113 minutes,7.9,"Action, Adventure, Sci-Fi",615248
The Hobbit: An Unexpected Journey,2012,169 minutes,7.8,"Adventure, Fantasy",769563
One Flew Over the Cuckoo's Nest,1975,133 minutes,8.7,Drama,936544
12 Angry Men,1957,96 minutes,9.0,"Crime, Drama",709655
Indiana Jones and the Last Crusade,1989,127 minutes,8.2,"Action, Adventure",704580
The Terminator,1984,107 minutes,8.0,"Action, Sci-Fi",809323
The Sandlot,1993,101 minutes,7.8,"Comedy, Drama, Family",81402
Captain America: Civil War,2016,147 minutes,7.8,"Action, Adventure, Sci-Fi",688826
Zootopia,2016,108 minutes,8.0,"Animation, Adventure, Comedy",446933
Sen to Chihiro no kamikakushi,2001,125 minutes,8.6,"Animation, Adventure, Family",674736
Batman Begins,2005,140 minutes,8.2,"Action, Adventure",1337114
The Trial of the Chicago 7,2020,129 minutes,7.8,"Drama, History, Thriller",148691
A Clockwork Orange,1971,136 minutes,8.3,"Crime, Drama, Sci-Fi",772087
Chinatown,1974,130 minutes,8.2,"Drama, Mystery, Thriller",301636
Big Fish,2003,125 minutes,8.0,"Adventure, Drama, Fantasy",421157
Jagten,2012,115 minutes,8.3,Drama,294467
The Revenant,2015,156 minutes,8.0,"Action, Adventure, Drama",725300
True Romance,1993,119 minutes,7.9,"Crime, Drama, Romance",211103
The Exorcist,1973,122 minutes,8.0,Horror,368319
Logan,2017,137 minutes,8.1,"Action, Drama, Sci-Fi",669829
Lethal Weapon,1987,109 minutes,7.6,"Action, Crime, Thriller",241240
Incendies,2010,131 minutes,8.3,"Drama, Mystery, War",156539
The Lord of the Rings: The Two Towers,2002,179 minutes,8.7,"Action, Adventure, Drama",1517713
The Social Network,2010,120 minutes,7.7,"Biography, Drama",641696
Mulholland Dr.,2001,147 minutes,7.9,"Drama, Mystery, Thriller",329700
Casino Royale,2006,144 minutes,8.0,"Action, Adventure, Thriller",591692
The Martian,2015,144 minutes,8.0,"Adventure, Drama, Sci-Fi",779430
Stardust,2007,127 minutes,7.6,"Adventure, Family, Fantasy",259322
Wind River,2017,107 minutes,7.7,"Crime, Drama, Mystery",215704
Die Hard,1988,132 minutes,8.2,"Action, Thriller",806852
The Notebook,2004,123 minutes,7.8,"Drama, Romance",531924
Casino,1995,178 minutes,8.2,"Crime, Drama",478105
Unforgiven,1992,130 minutes,8.2,"Drama, Western",383760
Black Hawk Down,2001,144 minutes,7.7,"Drama, History, War",370772
The Hunt for Red October,1990,135 minutes,7.6,"Action, Adventure, Thriller",184742
The Big Short,2015,130 minutes,7.8,"Biography, Comedy, Drama",378201
"Three Billboards Outside Ebbing, Missouri",2017,115 minutes,8.1,"Comedy, Crime, Drama",452742
Coco,2017,105 minutes,8.4,"Animation, Adventure, Drama",410453
"Il buono, il brutto, il cattivo",1966,161 minutes,8.8,Western,702924
Sherlock Holmes,2009,128 minutes,7.6,"Action, Adventure, Mystery",593349
Minority Report,2002,145 minutes,7.6,"Action, Crime, Mystery",517316
The Girl with the Dragon Tattoo,2011,158 minutes,7.8,"Crime, Drama, Mystery",432750
Reservoir Dogs,1992,99 minutes,8.3,"Crime, Drama, Thriller",939030
Argo,2012,120 minutes,7.7,"Biography, Drama, Thriller",583010
The Hangover,2009,100 minutes,7.7,Comedy,730196
Rush,2013,123 minutes,8.1,"Action, Biography, Drama",444376
Captain Fantastic,2016,118 minutes,7.9,"Comedy, Drama",198995
A Star Is Born,2018,136 minutes,7.6,"Drama, Music, Romance",347693
The Fifth Element,1997,126 minutes,7.7,"Action, Adventure, Sci-Fi",442200
The Game,1997,129 minutes,7.8,"Drama, Mystery, Thriller",357977
Cidade de Deus,2002,130 minutes,8.6,"Crime, Drama",711393
Kill Bill: Vol. 1,2003,111 minutes,8.1,"Action, Crime, Drama",1022526
Nightcrawler,2014,117 minutes,7.8,"Crime, Drama, Thriller",482608
Drive,2011,100 minutes,7.8,"Crime, Drama",584612
Once Upon a Time in America,1984,229 minutes,8.4,"Crime, Drama",319579
About Time,2013,123 minutes,7.8,"Comedy, Drama, Fantasy",314870
The Pianist,2002,150 minutes,8.5,"Biography, Drama, Music",752462
Captain America: The Winter Soldier,2014,136 minutes,7.7,"Action, Adventure, Sci-Fi",758884
The Truman Show,1998,103 minutes,8.1,"Comedy, Drama",967098
Psycho,1960,109 minutes,8.5,"Horror, Mystery, Thriller",617961
Ah-ga-ssi,2016,145 minutes,8.1,"Drama, Romance, Thriller",121945
Ocean's Eleven,2001,116 minutes,7.7,"Crime, Thriller",528211
Her,2013,126 minutes,8.0,"Drama, Romance, Sci-Fi",556044
The Intouchables,2011,112 minutes,8.5,"Biography, Comedy, Drama",781639
Into the Wild,2007,148 minutes,8.1,"Adventure, Biography, Drama",585637
Hot Fuzz,2007,121 minutes,7.8,"Action, Comedy, Mystery",473929
The Incredibles,2004,115 minutes,8.0,"Animation, Action, Adventure",669629
Zombieland,2009,88 minutes,7.6,"Adventure, Comedy, Fantasy",531288
Cast Away,2000,143 minutes,7.8,"Adventure, Drama, Romance",539074
Room,2015,118 minutes,8.1,"Drama, Thriller",383730
Catch Me If You Can,2002,141 minutes,8.1,"Biography, Crime, Drama",860958
Star Trek,2009,127 minutes,7.9,"Action, Adventure, Sci-Fi",582872
Shrek,2001,90 minutes,7.9,"Animation, Adventure, Comedy",627314
The Imitation Game,2014,114 minutes,8.0,"Biography, Drama, Thriller",703173
I Am Sam,2001,132 minutes,7.6,Drama,144717
Rogue One,2016,133 minutes,7.8,"Action, Adventure, Sci-Fi",569713
Ratatouille,2007,111 minutes,8.0,"Animation, Adventure, Comedy",656626
Contratiempo,2016,106 minutes,8.1,"Crime, Drama, Mystery",154324
Million Dollar Baby,2004,132 minutes,8.1,"Drama, Sport",647811
Sense and Sensibility,1995,136 minutes,7.7,"Drama, Romance",105434
Back to the Future Part II,1989,108 minutes,7.8,"Adventure, Comedy, Sci-Fi",492097
Rio Bravo,1959,141 minutes,8.0,"Action, Drama, Western",57611
American History X,1998,119 minutes,8.5,Drama,1052265
Office Space,1999,89 minutes,7.7,Comedy,247116
2001: A Space Odyssey,1968,149 minutes,8.3,"Adventure, Sci-Fi",616650
Birdman or (The Unexpected Virtue of Ignorance),2014,119 minutes,7.7,"Comedy, Drama",591998
What's Eating Gilbert Grape,1993,118 minutes,7.7,Drama,219963
The Thing,1982,109 minutes,8.1,"Horror, Mystery, Sci-Fi",380259
Idi i smotri,1985,142 minutes,8.3,"Drama, Thriller, War",63690
Warrior,2011,140 minutes,8.1,"Action, Drama, Sport",443649
La vie d'Adèle,2013,180 minutes,7.7,"Drama, Romance",141792
Atonement,2007,123 minutes,7.8,"Drama, Mystery, Romance",257767
Trainspotting,1996,93 minutes,8.1,Drama,645257
The Perks of Being a Wallflower,2012,103 minutes,8.0,"Drama, Romance",472988
A Beautiful Mind,2001,135 minutes,8.2,"Biography, Drama",867553
Soorarai Pottru,2020,153 minutes,9.1,Drama,83131
Training Day,2001,122 minutes,7.7,"Crime, Drama, Thriller",401593
Portrait de la jeune fille en feu,2019,122 minutes,8.1,"Drama, Romance",72217
12 Years a Slave,2013,134 minutes,8.1,"Biography, Drama, History",654698
Taken,2008,90 minutes,7.8,"Action, Crime, Thriller",572620
Kimi no na wa.,2016,106 minutes,8.4,"Animation, Drama, Fantasy",211873
Midnight in Paris,2011,94 minutes,7.7,"Comedy, Fantasy, Romance",395781
Airplane!,1980,88 minutes,7.7,Comedy,219866
The Last of the Mohicans,1992,112 minutes,7.7,"Action, Adventure, Drama",155159
"Lock, Stock and Two Smoking Barrels",1998,107 minutes,8.2,"Action, Comedy, Crime",545692
The Curious Case of Benjamin Button,2008,166 minutes,7.8,"Drama, Fantasy, Romance",602917
V for Vendetta,2005,132 minutes,8.1,"Action, Drama, Sci-Fi",1051631
X-Men: Days of Future Past,2014,132 minutes,7.9,"Action, Adventure, Sci-Fi",670757
The Sound of Music,1965,172 minutes,8.0,"Biography, Drama, Family",211273
La vita è bella,1997,116 minutes,8.6,"Comedy, Drama, Romance",639135
L.A. Confidential,1997,138 minutes,8.2,"Crime, Drama, Mystery",542296
Dr. Strangelove or: How I Learned to Stop Worrying and Love the Bomb,1964,95 minutes,8.4,Comedy,458874
Inside Out,2015,95 minutes,8.1,"Animation, Adventure, Comedy",636814
X: First Class,2011,131 minutes,7.7,"Action, Adventure, Sci-Fi",655052
Pan's Labyrinth,2006,118 minutes,8.2,"Drama, Fantasy, War",629385
The Blind Side,2009,129 minutes,7.6,"Biography, Drama, Sport",301018
Hidden Figures,2016,127 minutes,7.8,"Biography, Drama, History",207618
The Wizard of Oz,1939,102 minutes,8.0,"Adventure, Family, Fantasy",375268
Salinui chueok,2003,131 minutes,8.1,"Crime, Drama, Mystery",149872
The Butterfly Effect,2004,113 minutes,7.6,"Drama, Sci-Fi, Thriller",458578
Dead Poets Society,1989,128 minutes,8.1,"Comedy, Drama",439190
Planet of the Apes,1968,112 minutes,8.0,"Adventure, Sci-Fi",167833
Tangled,2010,100 minutes,7.7,"Animation, Adventure, Comedy",414849
Rocky,1976,120 minutes,8.1,"Drama, Sport",530239
Finding Nemo,2003,100 minutes,8.1,"Animation, Adventure, Comedy",967955
Shaun of the Dead,2004,99 minutes,7.9,"Comedy, Horror",522484
Doctor Zhivago,1965,197 minutes,8.0,"Drama, Romance, War",71296
The Help,2011,146 minutes,8.0,Drama,434987
A Few Good Men,1992,138 minutes,7.7,"Drama, Thriller",241199
Singin' in the Rain,1952,103 minutes,8.3,"Comedy, Musical, Romance",223876
The Count of Monte Cristo,2002,131 minutes,7.7,"Action, Adventure, Drama",131160
Y tu mamá también,2001,106 minutes,7.6,Drama,117650
Sin City,2005,124 minutes,8.0,"Crime, Thriller",743736
Scent of a Woman,1992,156 minutes,8.0,Drama,272492
The Untouchables,1987,119 minutes,7.9,"Crime, Drama, Thriller",288186
Amadeus,1984,160 minutes,8.3,"Biography, Drama, History",376055
The Peanut Butter Falcon,2019,97 minutes,7.6,"Adventure, Comedy, Drama",72444
The Godfather: Part III,1990,162 minutes,7.6,"Crime, Drama",368934
Edward Scissorhands,1990,105 minutes,7.9,"Drama, Fantasy, Romance",454437
"Monsters, Inc.",2001,92 minutes,8.1,"Animation, Adventure, Comedy",833537
Lost in Translation,2003,102 minutes,7.7,"Comedy, Drama",424512
Willy Wonka & the Chocolate Factory,1971,100 minutes,7.8,"Family, Fantasy, Musical",182615
E.T. the Extra-Terrestrial,1982,115 minutes,7.8,"Family, Sci-Fi",379557
(500) Days of Summer,2009,95 minutes,7.7,"Comedy, Drama, Romance",480724
Moonrise Kingdom,2012,94 minutes,7.8,"Comedy, Drama, Romance",326082
Casablanca,1942,102 minutes,8.5,"Drama, Romance, War",532047
Man on Fire,2004,146 minutes,7.7,"Action, Crime, Drama",335072
Children of Men,2006,109 minutes,7.9,"Adventure, Drama, Sci-Fi",472661
Apollo 13,1995,140 minutes,7.6,"Adventure, Drama, History",275687
First Blood,1982,93 minutes,7.7,"Action, Adventure",233162
Manchester by the Sea,2016,137 minutes,7.8,Drama,255458
Star Wars: Episode VII - The Force Awakens,2015,138 minutes,7.8,"Action, Adventure, Sci-Fi",873683
Dances with Wolves,1990,181 minutes,8.0,"Adventure, Drama, Western",246201
Hauru no ugoku shiro,2004,119 minutes,8.2,"Animation, Adventure, Family",347141
Spotlight,2015,129 minutes,8.1,"Biography, Crime, Drama",432681
Toy Story 4,2019,100 minutes,7.7,"Animation, Adventure, Comedy",214239
Mulan,1998,88 minutes,7.6,"Animation, Adventure, Family",263190
Platoon,1986,120 minutes,8.1,"Drama, War",388309
Gran Torino,2008,116 minutes,8.1,Drama,731887
Star Wars: Episode V - The Empire Strikes Back,1980,124 minutes,8.7,"Action, Adventure, Fantasy",1182899
Apocalypto,2006,139 minutes,7.8,"Action, Adventure, Drama",295722
Home Alone,1990,103 minutes,7.6,"Comedy, Family",498387
American Gangster,2007,157 minutes,7.8,"Biography, Crime, Drama",399982
Toy Story,1995,81 minutes,8.3,"Animation, Adventure, Comedy",908292
"O Brother, Where Art Thou?",2000,107 minutes,7.7,"Adventure, Comedy, Crime",293867
Gone with the Wind,1939,238 minutes,8.1,"Drama, History, Romance",295422
The Warriors,1979,92 minutes,7.6,"Action, Crime, Thriller",95868
Little Miss Sunshine,2006,101 minutes,7.8,"Comedy, Drama",448051
The Deer Hunter,1978,183 minutes,8.1,"Drama, War",317685
Silver Linings Playbook,2012,122 minutes,7.7,"Comedy, Drama, Romance",672485
What We Do in the Shadows,2014,86 minutes,7.7,"Comedy, Horror",162676
The Pursuit of Happyness,2006,117 minutes,8.0,"Biography, Drama",462043
Gifted,2017,101 minutes,7.6,Drama,104348
The Hobbit: The Desolation of Smaug,2013,161 minutes,7.8,"Adventure, Fantasy",612114
Dallas Buyers Club,2013,117 minutes,8.0,"Biography, Drama",452833
Young Frankenstein,1974,106 minutes,8.0,Comedy,145929
Hell or High Water,2016,102 minutes,7.6,"Action, Crime, Drama",209758
Marriage Story,2019,137 minutes,7.9,"Comedy, Drama, Romance",261680
Mary Poppins,1964,139 minutes,7.8,"Comedy, Family, Fantasy",160906
Changeling,2008,141 minutes,7.7,"Biography, Crime, Drama",243133
Blue Velvet,1986,120 minutes,7.7,"Drama, Mystery, Thriller",185242
La piel que habito,2011,120 minutes,7.6,"Drama, Horror, Thriller",142434
The Last Samurai,2003,154 minutes,7.7,"Action, Drama",407318
This Is England,2006,101 minutes,7.7,"Crime, Drama",117113
Big Hero 6,2014,102 minutes,7.8,"Animation, Action, Adventure",420592
How to Train Your Dragon,2010,98 minutes,8.1,"Animation, Action, Adventure",681323
Coraline,2009,100 minutes,7.7,"Animation, Drama, Family",202982
WALL·E,2008,98 minutes,8.4,"Animation, Adventure, Family",1023241
Twelve Monkeys,1995,129 minutes,8.0,"Mystery, Sci-Fi, Thriller",587627
Blazing Saddles,1974,93 minutes,7.7,"Comedy, Western",128411
The Bourne Identity,2002,119 minutes,7.9,"Action, Mystery, Thriller",517070
3 Idiots,2009,170 minutes,8.4,"Comedy, Drama",358004
Who Framed Roger Rabbit,1988,104 minutes,7.7,"Animation, Adventure, Comedy",185711
Up,2009,96 minutes,8.2,"Animation, Adventure, Comedy",957228
Deliverance,1972,109 minutes,7.7,"Adventure, Drama, Thriller",100752
The Fighter,2010,116 minutes,7.8,"Biography, Drama, Sport",346666
The Lives of Others,2006,137 minutes,8.4,"Drama, Mystery, Thriller",366557
Captain Phillips,2013,134 minutes,7.8,"Adventure, Biography, Crime",429807
Inside Man,2006,129 minutes,7.6,"Crime, Drama, Mystery",348496
Fear and Loathing in Las Vegas,1998,118 minutes,7.6,"Adventure, Comedy, Drama",264454
Hachi: A Dog's Tale,2009,93 minutes,8.1,"Biography, Drama, Family",261140
Arsenic and Old Lace,1943,118 minutes,8.0,"Comedy, Crime, Thriller",66071
Lion,2016,118 minutes,8.0,"Biography, Drama",220559
Star Wars: Episode VI - Return of the Jedi,1983,131 minutes,8.3,"Action, Adventure, Fantasy",969269
Rear Window,1954,112 minutes,8.5,"Mystery, Thriller",453868
The Blues Brothers,1980,133 minutes,7.9,"Action, Adventure, Comedy",186912
Le fabuleux destin d'Amélie Poulain,2001,122 minutes,8.3,"Comedy, Romance",715402
Crash,2004,112 minutes,7.7,"Crime, Drama, Thriller",423695
As Good as It Gets,1997,139 minutes,7.7,"Comedy, Drama, Romance",280882
Remember the Titans,2000,113 minutes,7.8,"Biography, Drama, Sport",201556
Once Upon a Time in the West,1968,165 minutes,8.5,Western,308708
District 9,2009,112 minutes,7.9,"Action, Sci-Fi, Thriller",646118
True Grit,2010,110 minutes,7.6,"Drama, Western",318298
JFK,1991,189 minutes,8.0,"Drama, History, Thriller",145170
Incredibles 2,2018,118 minutes,7.6,"Animation, Action, Adventure",260404
Papillon,1973,151 minutes,8.0,"Biography, Crime, Drama",124096
Capharnaüm,2018,126 minutes,8.4,Drama,70127
Primal Fear,1996,129 minutes,7.7,"Crime, Drama, Mystery",194720
Serenity,2005,119 minutes,7.8,"Action, Adventure, Sci-Fi",286317
Falling Down,1993,113 minutes,7.6,"Action, Crime, Drama",176244
My Fair Lady,1964,170 minutes,7.8,"Drama, Family, Musical",88730
Dark Waters,2019,126 minutes,7.6,"Biography, Drama, History",68711
The Dirty Dozen,1967,150 minutes,7.7,"Action, Adventure, War",68395
The Naked Gun: From the Files of Police Squad!,1988,85 minutes,7.6,"Comedy, Crime",156715
Shichinin no samurai,1954,207 minutes,8.6,"Action, Adventure, Drama",322487
The Great Escape,1963,172 minutes,8.2,"Adventure, Drama, History",229334
The Thin Red Line,1998,170 minutes,7.6,"Drama, War",176240
Der Untergang,2004,156 minutes,8.2,"Biography, Drama, History",337000
The Florida Project,2017,111 minutes,7.6,Drama,99620
The Others,2001,101 minutes,7.6,"Horror, Mystery, Thriller",344536
Boyhood,2014,165 minutes,7.9,Drama,340376
The Fugitive,1993,130 minutes,7.8,"Action, Crime, Drama",273379
Rain Man,1988,133 minutes,8.0,Drama,481873
Before Sunrise,1995,101 minutes,8.1,"Drama, Romance",280259
The Graduate,1967,106 minutes,8.0,"Comedy, Drama, Romance",257485
Citizen Kane,1941,119 minutes,8.3,"Drama, Mystery",413770
Hunt for the Wilderpeople,2016,101 minutes,7.9,"Adventure, Comedy, Drama",116615
Rosemary's Baby,1968,137 minutes,8.0,"Drama, Horror",199077
The Searchers,1956,119 minutes,7.9,"Adventure, Drama, Western",82163
Aladdin,1992,90 minutes,8.0,"Animation, Adventure, Comedy",380560
Ang-ma-reul bo-at-da,2010,144 minutes,7.8,"Action, Crime, Drama",115825
Halloween,1978,91 minutes,7.7,"Horror, Thriller",237632
Batoru rowaiaru,2000,114 minutes,7.6,"Action, Adventure, Drama",171863
Hotaru no haka,1988,89 minutes,8.5,"Animation, Drama, War",244656
Slumdog Millionaire,2008,120 minutes,8.0,"Drama, Romance",809841
Despicable Me,2010,95 minutes,7.6,"Animation, Comedy, Crime",509513
Fa yeung nin wah,2000,98 minutes,8.1,"Drama, Romance",131065
Nuovo Cinema Paradiso,1988,155 minutes,8.5,"Drama, Romance",237831
Magnolia,1999,188 minutes,8.0,Drama,293907
The Machinist,2004,101 minutes,7.7,"Drama, Thriller",364902
Kill Bill: Vol. 2,2004,137 minutes,8.0,"Action, Crime, Thriller",697519
Mononoke-hime,1997,134 minutes,8.4,"Animation, Action, Adventure",354392
Beauty and the Beast,1991,84 minutes,8.0,"Animation, Family, Fantasy",422823
Monty Python and the Holy Grail,1975,91 minutes,8.2,"Adventure, Comedy, Fantasy",508931
The Royal Tenenbaums,2001,110 minutes,7.6,"Comedy, Drama",272241
Straight Outta Compton,2015,147 minutes,7.8,"Biography, Drama, History",184350
The Sting,1973,129 minutes,8.3,"Comedy, Crime, Drama",246304
Moon,2009,97 minutes,7.8,"Drama, Mystery, Sci-Fi",340716
My Cousin Vinny,1992,120 minutes,7.6,"Comedy, Crime",111157
Lawrence of Arabia,1962,228 minutes,8.3,"Adventure, Biography, Drama",273528
Vertigo,1958,128 minutes,8.3,"Mystery, Romance, Thriller",372675
Star Trek Into Darkness,2013,132 minutes,7.7,"Action, Adventure, Sci-Fi",467417
Koe no katachi,2016,130 minutes,8.2,"Animation, Drama, Romance",56126
Wo hu cang long,2000,120 minutes,7.8,"Action, Adventure, Fantasy",257061
The Fault in Our Stars,2014,126 minutes,7.7,"Drama, Romance",350803
The Theory of Everything,2014,123 minutes,7.7,"Biography, Drama, Romance",415418
Some Like It Hot,1959,121 minutes,8.2,"Comedy, Music, Romance",248781
Traffic,2000,147 minutes,7.6,"Crime, Drama, Thriller",198794
The Boondock Saints,1999,108 minutes,7.8,"Action, Crime, Thriller",229817
Misery,1990,107 minutes,7.8,"Drama, Thriller",189598
The Wrestler,2008,109 minutes,7.9,"Drama, Sport",292737
Mad Max 2,1981,96 minutes,7.6,"Action, Adventure, Sci-Fi",169527
Do the Right Thing,1989,120 minutes,8.0,"Comedy, Drama",93085
"Paris, Texas",1984,145 minutes,8.1,Drama,95650
Fantastic Mr. Fox,2009,87 minutes,7.9,"Animation, Adventure, Comedy",207060
Life of Pi,2012,127 minutes,7.9,"Adventure, Drama, Fantasy",591508
It's a Wonderful Life,1946,130 minutes,8.6,"Drama, Family, Fantasy",413835
The Boy in the Striped Pyjamas,2008,94 minutes,7.8,"Drama, History, War",195536
The Lego Movie,2014,100 minutes,7.7,"Animation, Action, Adventure",329253
Das Boot,1981,149 minutes,8.3,"Adventure, Drama, Thriller",236264
A Bronx Tale,1993,121 minutes,7.8,"Crime, Drama, Romance",131083
Gone Baby Gone,2007,114 minutes,7.6,"Crime, Drama, Mystery",255239
The Birds,1963,119 minutes,7.7,"Drama, Horror, Mystery",175159
Mr. Nobody,2009,141 minutes,7.8,"Drama, Fantasy, Romance",220715
Blood Diamond,2006,143 minutes,8.0,"Adventure, Drama, Thriller",509350
Barry Lyndon,1975,185 minutes,8.1,"Adventure, Drama, History",154093
To Kill a Mockingbird,1962,129 minutes,8.3,"Crime, Drama",298472
North by Northwest,1959,136 minutes,8.3,"Adventure, Mystery, Thriller",304938
Gattaca,1997,106 minutes,7.8,"Drama, Sci-Fi, Thriller",285720
Serpico,1973,130 minutes,7.7,"Biography, Crime, Drama",112970
Dangal,2016,161 minutes,8.4,"Action, Biography, Drama",165135
Wreck-It Ralph,2012,101 minutes,7.7,"Animation, Adventure, Comedy",388233
Tumbbad,2018,104 minutes,8.3,"Drama, Fantasy, Horror",32980
Brazil,1985,132 minutes,7.9,"Drama, Sci-Fi",190712
Dark City,1998,100 minutes,7.6,"Fantasy, Mystery, Sci-Fi",190768
Boyz n the Hood,1991,112 minutes,7.8,"Crime, Drama",129377
In Bruges,2008,107 minutes,7.9,"Comedy, Crime, Drama",396681
Cool Hand Luke,1967,127 minutes,8.1,"Crime, Drama",165350
Close Encounters of the Third Kind,1977,138 minutes,7.6,"Drama, Sci-Fi",188511
Chung Hing sam lam,1994,102 minutes,8.1,"Comedy, Crime, Drama",67919
Toy Story 3,2010,103 minutes,8.2,"Animation, Adventure, Comedy",772514
Creed,2015,133 minutes,7.6,"Drama, Sport",253047
Dirty Harry,1971,102 minutes,7.7,"Action, Crime, Thriller",146288
Dawn of the Dead,1978,127 minutes,7.9,"Horror, Thriller",113539
El secreto de sus ojos,2009,129 minutes,8.2,"Drama, Mystery, Romance",197580
Raging Bull,1980,129 minutes,8.2,"Biography, Drama, Sport",328401
The French Connection,1971,104 minutes,7.7,"Action, Crime, Drama",113183
Serbuan maut,2011,101 minutes,7.6,"Action, Thriller",193954
Empire of the Sun,1987,153 minutes,7.7,"Action, Drama, History",118125
This Is Spinal Tap,1984,82 minutes,7.9,"Comedy, Music",131331
When Harry Met Sally...,1989,95 minutes,7.6,"Comedy, Drama, Romance",200618
Groundhog Day,1993,101 minutes,8.0,"Comedy, Fantasy, Romance",587833
The Magnificent Seven,1960,128 minutes,7.7,"Action, Adventure, Western",89342
Just Mercy,2019,137 minutes,7.6,"Biography, Crime, Drama",52423
Gravity,2013,91 minutes,7.7,"Drama, Sci-Fi, Thriller",781166
The King's Speech,2010,118 minutes,8.0,"Biography, Drama, History",649501
Fried Green Tomatoes,1991,130 minutes,7.7,Drama,68727
Bridge of Spies,2015,142 minutes,7.6,"Drama, History, Thriller",293843
The Last Picture Show,1971,118 minutes,8.0,"Drama, Romance",43789
Adaptation.,2002,115 minutes,7.7,"Comedy, Drama",181723
Carlito's Way,1993,144 minutes,7.9,"Crime, Drama, Thriller",205091
Donnie Brasco,1997,127 minutes,7.7,"Biography, Crime, Drama",286155
The Color Purple,1985,154 minutes,7.8,Drama,80488
Die Hard: With a Vengeance,1995,128 minutes,7.6,"Action, Adventure, Thriller",368863
Dog Day Afternoon,1975,125 minutes,8.0,"Biography, Crime, Drama",240262
Searching,2018,102 minutes,7.6,"Drama, Mystery, Thriller",146802
Pâfekuto burû,1997,81 minutes,8.0,"Animation, Crime, Mystery",62162
Awakenings,1990,121 minutes,7.8,"Biography, Drama",129495
Tonari no Totoro,1988,86 minutes,8.2,"Animation, Family, Fantasy",302154
La montaña sagrada,1973,114 minutes,7.9,"Adventure, Drama, Fantasy",38673
Ratsasan,2018,170 minutes,8.5,"Action, Crime, Thriller",31090
Isle of Dogs,2018,101 minutes,7.9,"Animation, Adventure, Comedy",145695
Walk the Line,2005,136 minutes,7.8,"Biography, Drama, Music",237896
Eastern Promises,2007,100 minutes,7.6,"Action, Crime, Drama",231514
Butch Cassidy and the Sundance Kid,1969,110 minutes,8.0,"Biography, Crime, Drama",204506
Kung fu,2004,99 minutes,7.7,"Action, Comedy, Fantasy",129893
The Bourne Supremacy,2004,108 minutes,7.7,"Action, Mystery, Thriller",441148
Män som hatar kvinnor,2009,152 minutes,7.8,"Crime, Drama, Mystery",210852
Midnight Cowboy,1969,113 minutes,7.8,Drama,103160
In the Name of the Father,1993,133 minutes,8.1,"Biography, Crime, Drama",162208
Kôkaku Kidôtai,1995,83 minutes,8.0,"Animation, Action, Crime",132644
Akira,1988,124 minutes,8.0,"Animation, Action, Sci-Fi",169369
Stalker,1979,162 minutes,8.1,"Drama, Sci-Fi",120926
Gangs of Wasseypur,2012,321 minutes,8.2,"Action, Comedy, Crime",86396
Paddington 2,2017,103 minutes,7.8,"Animation, Adventure, Comedy",65368
3:10 to Yuma,2007,122 minutes,7.7,"Action, Crime, Drama",293975
Metropolis,1927,153 minutes,8.3,"Drama, Sci-Fi",163237
Being John Malkovich,1999,113 minutes,7.7,"Comedy, Drama, Fantasy",317860
End of Watch,2012,109 minutes,7.6,"Action, Crime, Drama",232042
Match Point,2005,124 minutes,7.6,"Drama, Romance, Thriller",208933
Enter the Dragon,1973,102 minutes,7.7,"Action, Crime, Drama",98748
Ordinary People,1980,124 minutes,7.7,Drama,48264
Relatos salvajes,2014,122 minutes,8.1,"Comedy, Drama, Thriller",182834
Enemy at the Gates,2001,131 minutes,7.6,"Drama, History, War",247786
Breakfast at Tiffany's,1961,115 minutes,7.6,"Comedy, Drama, Romance",170098
Cabaret,1972,124 minutes,7.8,"Drama, Music, Musical",49331
Toy Story 2,1999,92 minutes,7.9,"Animation, Adventure, Comedy",537538
Glory,1989,122 minutes,7.8,"Biography, Drama, History",125968
Only the Brave,2017,134 minutes,7.6,"Action, Biography, Drama",60964
Sling Blade,1996,135 minutes,8.0,Drama,88522
Philadelphia,1993,125 minutes,7.7,Drama,228631
Lucky Number Slevin,2006,110 minutes,7.7,"Crime, Drama, Thriller",302605
The Iron Giant,1999,86 minutes,8.0,"Animation, Action, Adventure",176259
The Bourne Ultimatum,2007,115 minutes,8.0,"Action, Mystery, Thriller",610787
Patton,1970,172 minutes,7.9,"Biography, Drama, War",95095
Seven Pounds,2008,123 minutes,7.6,Drama,290432
Spartacus,1960,197 minutes,7.9,"Adventure, Biography, Drama",126351
Pather Panchali,1955,125 minutes,8.6,Drama,25822
The Elephant Man,1980,124 minutes,8.1,"Biography, Drama",224946
Night of the Living Dead,1968,96 minutes,7.9,"Horror, Thriller",119136
The Illusionist,2006,110 minutes,7.6,"Drama, Fantasy, Mystery",358694
Life of Brian,1979,94 minutes,8.1,Comedy,374282
The Ten Commandments,1956,220 minutes,7.9,"Adventure, Drama",65897
The Man from Earth,2007,87 minutes,7.9,"Drama, Fantasy, Mystery",177414
Lost Highway,1997,134 minutes,7.6,"Mystery, Thriller",133899
After Hours,1985,97 minutes,7.7,"Comedy, Crime, Drama",62250
Before Sunset,2004,80 minutes,8.1,"Drama, Romance",242707
Per un pugno di dollari,1964,99 minutes,8.0,"Action, Drama, Western",202040
Per qualche dollaro in più,1965,132 minutes,8.2,Western,237759
Låt den rätte komma in,2008,114 minutes,7.9,"Crime, Drama, Fantasy",207911
Ben-Hur,1959,212 minutes,8.1,"Adventure, Drama, History",223515
Sing Street,2016,106 minutes,7.9,"Comedy, Drama, Music",87271
Sunset Blvd.,1950,110 minutes,8.4,"Drama, Film-Noir",206130
The Jungle Book,1967,78 minutes,7.6,"Animation, Adventure, Family",169578
Det sjunde inseglet,1957,96 minutes,8.2,"Drama, Fantasy, History",169745
It Happened One Night,1934,105 minutes,8.1,"Comedy, Romance",96349
The Manchurian Candidate,1962,126 minutes,7.9,"Drama, Thriller",72221
October Sky,1999,108 minutes,7.8,"Biography, Drama, Family",84921
Clerks,1994,92 minutes,7.7,Comedy,213765
Lord of War,2005,122 minutes,7.6,"Action, Crime, Drama",298500
50/50,2011,100 minutes,7.6,"Comedy, Drama, Romance",318831
Evil Dead II,1987,84 minutes,7.7,"Comedy, Horror",150984
Goldfinger,1964,110 minutes,7.7,"Action, Adventure, Thriller",177099
The Nightmare Before Christmas,1993,76 minutes,8.0,"Animation, Family, Fantasy",304817
Star Trek II: The Wrath of Khan,1982,113 minutes,7.7,"Action, Adventure, Sci-Fi",114496
Ed Wood,1994,127 minutes,7.8,"Biography, Comedy, Drama",167138
Roma,2018,135 minutes,7.7,Drama,145093
La haine,1995,98 minutes,8.1,"Crime, Drama",155713
How to Train Your Dragon 2,2014,102 minutes,7.8,"Animation, Action, Adventure",311600
Bonnie and Clyde,1967,111 minutes,7.8,"Action, Biography, Crime",104662
Letters from Iwo Jima,2006,141 minutes,7.9,"Action, Adventure, Drama",155834
Blood Simple,1984,99 minutes,7.6,"Crime, Drama, Thriller",90115
Kelly's Heroes,1970,144 minutes,7.6,"Adventure, Comedy, War",46230
Andhadhun,2018,139 minutes,8.2,"Crime, Drama, Music",77954
Dogville,2003,178 minutes,8.0,"Crime, Drama",140279
Bound by Honor,1993,180 minutes,8.0,"Crime, Drama",29348
The Long Goodbye,1973,112 minutes,7.6,"Comedy, Crime, Drama",27282
The Right Stuff,1983,193 minutes,7.8,"Adventure, Biography, Drama",57099
God's Own Country,2017,104 minutes,7.7,"Drama, Romance",26711
Laura,1944,88 minutes,8.0,"Drama, Film-Noir, Mystery",43617
Gake no ue no Ponyo,2008,101 minutes,7.7,"Animation, Adventure, Comedy",129604
Before Midnight,2013,109 minutes,7.9,"Drama, Romance",145469
Ip Man,2008,106 minutes,8.0,"Action, Biography, Drama",214169
Do lok tin si,1995,99 minutes,7.7,"Comedy, Crime, Drama",29086
Rushmore,1998,93 minutes,7.7,"Comedy, Drama, Romance",173084
Billy Elliot,2000,110 minutes,7.7,"Drama, Music",128667
Pride,2014,119 minutes,7.8,"Biography, Comedy, Drama",53047
The King of Comedy,1982,109 minutes,7.8,"Comedy, Crime, Drama",93428
Cinderella Man,2005,144 minutes,8.0,"Biography, Drama, History",178805
A Streetcar Named Desire,1951,122 minutes,8.0,Drama,100857
Zwartboek,2006,145 minutes,7.7,"Drama, Thriller, War",73677
Hotel Rwanda,2004,121 minutes,8.1,"Biography, Drama, History",339293
Togo,2019,113 minutes,8.0,"Adventure, Biography, Drama",40991
The Fall,2006,117 minutes,7.9,"Adventure, Drama, Fantasy",108450
Finding Neverland,2004,106 minutes,7.7,"Biography, Drama, Family",200633
Seppuku,1962,133 minutes,8.6,"Action, Drama, Mystery",45686
Gandhi,1982,191 minutes,8.0,"Biography, Drama, History",220135
Mississippi Burning,1988,128 minutes,7.8,"Crime, Drama, History",90822
The Maltese Falcon,1941,100 minutes,8.0,"Crime, Film-Noir, Mystery",150981
Der Name der Rose,1986,130 minutes,7.7,"Crime, Drama, Mystery",103784
Ran,1985,162 minutes,8.2,"Action, Drama, War",115929
The Conversation,1974,113 minutes,7.8,"Drama, Mystery, Thriller",101873
M - Eine Stadt sucht einen Mörder,1931,117 minutes,8.3,"Crime, Mystery, Thriller",146897
Naked,1993,132 minutes,7.8,"Comedy, Drama",35841
"Shin seiki Evangelion Gekijô-ban: Air/Magokoro wo, kimi ni",1997,87 minutes,8.1,"Animation, Action, Drama",42419
The Bridges of Madison County,1995,135 minutes,7.6,"Drama, Romance",75112
All That Jazz,1979,123 minutes,7.9,"Drama, Music, Musical",28935
Jodaeiye Nader az Simin,2011,123 minutes,8.3,Drama,226090
La migliore offerta,2013,131 minutes,7.8,"Crime, Drama, Mystery",111347
Rebecca,1940,130 minutes,8.1,"Drama, Mystery, Romance",126885
Glengarry Glen Ross,1992,100 minutes,7.7,"Crime, Drama, Mystery",97707
Network,1976,121 minutes,8.1,Drama,148016
Der Himmel über Berlin,1987,128 minutes,8.0,"Drama, Fantasy, Romance",66334
El cuerpo,2012,112 minutes,7.6,"Mystery, Thriller",60129
Charade,1963,113 minutes,7.9,"Comedy, Mystery, Romance",71023
Amores perros,2000,154 minutes,8.1,"Drama, Thriller",227549
Badlands,1973,94 minutes,7.8,"Action, Crime, Drama",67911
All About Eve,1950,138 minutes,8.2,Drama,123005
The Ladykillers,1955,91 minutes,7.7,"Comedy, Crime",27337
The Bridge on the River Kwai,1957,161 minutes,8.1,"Adventure, Drama, War",207287
Drishyam 2,2021,152 minutes,8.7,"Crime, Drama, Thriller",27039
Annie Hall,1977,93 minutes,8.0,"Comedy, Romance",254935
Paths of Glory,1957,88 minutes,8.4,"Drama, War",182783
En man som heter Ove,2015,116 minutes,7.7,"Comedy, Drama, Romance",49430
Solaris,1972,167 minutes,8.1,"Drama, Mystery, Sci-Fi",83193
Shane,1953,118 minutes,7.6,"Drama, Western",37938
Klaus,2019,96 minutes,8.2,"Animation, Adventure, Comedy",113973
Where Eagles Dare,1968,158 minutes,7.6,"Action, Adventure, War",53056
Mommy,2014,139 minutes,8.1,Drama,52457
Serbuan maut 2: Berandal,2014,150 minutes,8.0,"Action, Crime, Thriller",116450
The Remains of the Day,1993,134 minutes,7.8,"Drama, Romance",68350
The Last King of Scotland,2006,123 minutes,7.7,"Biography, Drama, History",178106
Roman Holiday,1953,118 minutes,8.0,"Comedy, Romance",129752
Days of Heaven,1978,94 minutes,7.8,"Drama, Romance",54268
8½,1963,138 minutes,8.0,Drama,111166
Miller's Crossing,1990,115 minutes,7.7,"Crime, Drama, Thriller",127914
Manbiki kazoku,2018,121 minutes,7.9,"Crime, Drama",66966
Dancer in the Dark,2000,140 minutes,8.0,"Crime, Drama, Musical",104235
The Insider,1999,157 minutes,7.8,"Biography, Drama, Thriller",162350
The Apartment,1960,125 minutes,8.3,"Comedy, Drama, Romance",168156
Witness for the Prosecution,1957,116 minutes,8.4,"Crime, Drama, Mystery",112530
Malcolm X,1992,202 minutes,7.7,"Biography, Drama, History",88225
The Artist,2011,100 minutes,7.9,"Comedy, Drama, Romance",233570
Kramer vs. Kramer,1979,105 minutes,7.8,Drama,136574
Kaze no tani no Naushika,1984,117 minutes,8.1,"Animation, Adventure, Fantasy",155706
Majo no takkyûbin,1989,103 minutes,7.9,"Animation, Adventure, Drama",129083
Ying xiong,2002,120 minutes,7.9,"Action, Adventure, History",175626
Madeo,2009,129 minutes,7.8,"Crime, Drama, Mystery",55853
Fiddler on the Roof,1971,181 minutes,8.0,"Drama, Family, Musical",40371
The Man Who Shot Liberty Valance,1962,123 minutes,8.1,"Drama, Western",70727
In the Heat of the Night,1967,110 minutes,7.9,"Crime, Drama, Mystery",69344
Taare Zameen Par,2007,165 minutes,8.4,"Drama, Family",175865
Nosferatu,1922,94 minutes,7.9,"Fantasy, Horror",90290
Rebel Without a Cause,1955,111 minutes,7.7,Drama,85184
Persona,1966,85 minutes,8.1,"Drama, Thriller",107098
On the Waterfront,1954,108 minutes,8.1,"Crime, Drama, Thriller",145025
Ajeossi,2010,119 minutes,7.8,"Action, Crime, Drama",64730
A Little Princess,1995,97 minutes,7.7,"Drama, Family, Fantasy",32768
My Left Foot: The Story of Christy Brown,1989,103 minutes,7.9,"Biography, Drama",69827
The Night of the Hunter,1955,92 minutes,8.0,"Crime, Drama, Film-Noir",83679
21 Grams,2003,124 minutes,7.6,"Crime, Drama, Thriller",227129
Rope,1948,80 minutes,8.0,"Crime, Drama, Mystery",132714
Short Term 12,2013,96 minutes,8.0,Drama,83564
Miracle in Cell No. 7,2019,132 minutes,8.2,Drama,39817
Barton Fink,1991,116 minutes,7.7,"Comedy, Drama, Thriller",115210
Pink Floyd: The Wall,1982,95 minutes,8.0,"Drama, Fantasy, Music",77290
The Quiet Man,1952,129 minutes,7.8,"Comedy, Drama, Romance",35779
Amour,2012,127 minutes,7.9,Drama,94984
The Last Emperor,1987,163 minutes,7.7,"Biography, Drama, History",96697
Papurika,2006,90 minutes,7.7,"Animation, Drama, Fantasy",73990
PK,2014,153 minutes,8.1,"Comedy, Drama, Musical",168194
Zulu,1964,138 minutes,7.7,"Drama, History, War",36824
All the President's Men,1976,138 minutes,8.0,"Biography, Drama, History",105850
Me and Earl and the Dying Girl,2015,105 minutes,7.7,"Comedy, Drama",125510
Chugyeokja,2008,125 minutes,7.8,"Action, Crime, Thriller",60437
Modern Times,1936,87 minutes,8.5,"Comedy, Drama, Family",223612
The Wild Bunch,1969,145 minutes,7.9,"Action, Adventure, Western",78773
Stagecoach,1939,96 minutes,7.9,"Adventure, Drama, Western",44952
Trois couleurs: Rouge,1994,99 minutes,8.1,"Drama, Mystery, Romance",93780
Giant,1956,201 minutes,7.6,"Drama, Western",34920
Belle de jour,1967,100 minutes,7.7,"Drama, Romance",41343
Kaze tachinu,2013,126 minutes,7.8,"Animation, Biography, Drama",76634
The Killing,1956,84 minutes,8.0,"Crime, Drama, Film-Noir",83326
Sabrina,1954,113 minutes,7.7,"Comedy, Drama, Romance",60732
Judgment at Nuremberg,1961,179 minutes,8.2,"Drama, War",71501
The Straight Story,1999,112 minutes,8.0,"Biography, Drama",83725
Once Were Warriors,1994,102 minutes,7.9,"Crime, Drama",32056
Notorious,1946,102 minutes,8.0,"Drama, Film-Noir, Romance",93910
Festen,1998,105 minutes,8.1,Drama,80380
La grande bellezza,2013,141 minutes,7.8,Drama,82944
La dolce vita,1960,174 minutes,8.0,"Comedy, Drama",68265
The Third Man,1949,104 minutes,8.1,"Film-Noir, Mystery, Thriller",161876
Gaslight,1944,114 minutes,7.8,"Crime, Drama, Mystery",25509
Drishyam,2015,163 minutes,8.2,"Crime, Drama, Mystery",74349
Tenkû no shiro Rapyuta,1986,125 minutes,8.0,"Animation, Adventure, Drama",153920
Dial M for Murder,1954,105 minutes,8.2,"Crime, Thriller",162266
Being There,1979,130 minutes,8.0,"Comedy, Drama",67111
Kubo and the Two Strings,2016,101 minutes,7.8,"Animation, Action, Adventure",120704
Manhattan,1979,96 minutes,7.9,"Comedy, Drama, Romance",133290
From Here to Eternity,1953,118 minutes,7.6,"Drama, Romance, War",44237
Happiness,1998,134 minutes,7.7,"Comedy, Drama",67315
Hedwig and the Angry Inch,2001,95 minutes,7.7,"Comedy, Drama, Music",32456
The Taking of Pelham One Two Three,1974,104 minutes,7.7,"Action, Crime, Thriller",27661
À bout de souffle,1960,90 minutes,7.8,"Crime, Drama",75078
Withnail & I,1987,107 minutes,7.6,"Comedy, Drama",41301
Double Indemnity,1944,107 minutes,8.3,"Crime, Drama, Film-Noir",146682
Escape from Alcatraz,1979,112 minutes,7.6,"Action, Biography, Crime",124639
Nebraska,2013,115 minutes,7.7,"Adventure, Comedy, Drama",113984
"South Park: Bigger, Longer & Uncut",1999,81 minutes,7.7,"Animation, Comedy, Fantasy",194348
Beasts of No Nation,2015,137 minutes,7.7,"Drama, War",75856
The Great Dictator,1940,125 minutes,8.4,"Comedy, Drama, War",207628
Breaking the Waves,1996,159 minutes,7.8,Drama,63559
The Verdict,1982,129 minutes,7.7,Drama,37042
Harold and Maude,1971,91 minutes,7.9,"Comedy, Drama, Romance",72168
Mysterious Skin,2004,105 minutes,7.6,Drama,66660
Dare mo shiranai,2004,141 minutes,8.1,Drama,25637
The Best Years of Our Lives,1946,170 minutes,8.1,"Drama, Romance, War",58318
Stalag 17,1953,120 minutes,8.0,"Comedy, Drama, War",51662
Bajrangi Bhaijaan,2015,163 minutes,8.0,"Action, Adventure, Comedy",78480
Lola rennt,1998,81 minutes,7.7,"Crime, Drama, Thriller",190469
Bom yeoreum gaeul gyeoul geurigo bom,2003,103 minutes,8.0,"Drama, Romance",78830
Short Cuts,1993,188 minutes,7.7,"Comedy, Drama",42903
On Golden Pond,1981,109 minutes,7.6,Drama,28426
Mimi wo sumaseba,1995,111 minutes,7.9,"Animation, Drama, Family",54733
Le locataire,1976,126 minutes,7.7,"Drama, Thriller",41038
High Noon,1952,85 minutes,8.0,"Drama, Thriller, Western",98942
Touch of Evil,1958,95 minutes,8.0,"Crime, Drama, Film-Noir",99830
Abre los ojos,1997,119 minutes,7.7,"Drama, Mystery, Sci-Fi",65069
Fanny och Alexander,1982,188 minutes,8.1,Drama,58903
Who's Afraid of Virginia Woolf?,1966,131 minutes,8.0,Drama,70236
Cowboy Bebop: Tengoku no tobira,2001,115 minutes,7.9,"Animation, Action, Crime",43946
The Treasure of the Sierra Madre,1948,126 minutes,8.2,"Adventure, Drama, Western",116663
Anatomy of a Murder,1959,161 minutes,8.0,"Crime, Drama, Mystery",61243
Detachment,2011,98 minutes,7.7,Drama,79077
Ladri di biciclette,1948,89 minutes,8.3,Drama,150585
The Killing Fields,1984,141 minutes,7.8,"Biography, Drama, History",52606
Ayla: The Daughter of War,2017,125 minutes,8.4,"Biography, Drama, History",35892
La Vie En Rose,2007,140 minutes,7.6,"Biography, Drama, Music",83838
Frankenstein,1931,70 minutes,7.8,"Drama, Horror, Sci-Fi",66648
Die Welle,2008,107 minutes,7.6,"Drama, Thriller",104567
Zindagi Na Milegi Dobara,2011,155 minutes,8.2,"Comedy, Drama",70367
Ray,2004,152 minutes,7.7,"Biography, Drama, Music",140716
Trois couleurs: Bleu,1993,94 minutes,7.9,"Drama, Music, Mystery",92775
Strangers on a Train,1951,101 minutes,8.0,"Crime, Film-Noir, Thriller",125235
The Hustler,1961,134 minutes,8.0,"Drama, Sport",76329
La leggenda del pianista sull'oceano,1998,169 minutes,8.1,"Drama, Music, Romance",60257
Bãhubali: The Beginning,2015,159 minutes,8.0,"Action, Drama",106152
Guess Who's Coming to Dinner,1967,108 minutes,7.8,"Comedy, Drama",40780
Zerkalo,1975,107 minutes,8.1,"Biography, Drama",41476
Les quatre cents coups,1959,99 minutes,8.1,"Crime, Drama",108454
The Day the Earth Stood Still,1951,92 minutes,7.7,"Drama, Sci-Fi",77020
Rashomon,1950,88 minutes,8.2,"Crime, Drama, Mystery",156304
Once,2007,86 minutes,7.8,"Drama, Music, Romance",112033
The Big Sleep,1946,114 minutes,7.9,"Crime, Film-Noir, Mystery",79856
Hamlet,1996,242 minutes,7.7,Drama,36426
King Kong,1933,100 minutes,7.9,"Adventure, Horror, Sci-Fi",80770
Un prophète,2009,155 minutes,7.9,"Crime, Drama",95020
A Christmas Story,1983,93 minutes,7.9,"Comedy, Family",133997
East of Eden,1955,118 minutes,7.9,Drama,41380
What Ever Happened to Baby Jane?,1962,134 minutes,8.1,"Drama, Horror, Thriller",51420
Gilda,1946,110 minutes,7.7,"Drama, Film-Noir, Romance",28744
Paper Moon,1973,102 minutes,8.1,"Comedy, Crime, Drama",43238
The Day of the Jackal,1973,143 minutes,7.8,"Crime, Drama, Thriller",38292
Boksuneun naui geot,2002,129 minutes,7.6,"Crime, Drama, Thriller",64200
Vikram Vedha,2017,147 minutes,8.4,"Action, Crime, Drama",31370
Mou gaan dou,2002,101 minutes,8.0,"Action, Crime, Drama",119263
25th Hour,2002,135 minutes,7.6,Drama,171576
Drishyam,2013,160 minutes,8.3,"Crime, Drama, Thriller",36331
Kurenai no buta,1992,94 minutes,7.7,"Animation, Adventure, Comedy",80818
Mary and Max,2009,92 minutes,8.1,"Animation, Comedy, Drama",167595
The Lion in Winter,1968,134 minutes,7.9,"Biography, Drama, History",29516
Yojinbo,1961,110 minutes,8.2,"Action, Drama, Thriller",114071
Loving Vincent,2017,94 minutes,7.8,"Animation, Biography, Crime",52640
Dara iz Jasenovca,2020,130 minutes,8.3,"Drama, War",34810
Ikiru,1952,143 minutes,8.3,Drama,70949
Good Bye Lenin!,2003,121 minutes,7.7,"Comedy, Drama, Romance",140009
Tengoku to jigoku,1963,143 minutes,8.4,"Crime, Drama, Mystery",37031
K.G.F: Chapter 1,2018,156 minutes,8.2,"Action, Crime, Drama",41767
The Kid,1921,68 minutes,8.3,"Comedy, Drama, Family",116848
Watership Down,1978,91 minutes,7.6,"Animation, Adventure, Drama",34403
The Philadelphia Story,1940,112 minutes,7.9,"Comedy, Romance",64775
Peeping Tom,1960,101 minutes,7.7,"Drama, Horror, Thriller",32354
Dead Man's Shoes,2004,90 minutes,7.6,"Crime, Drama, Thriller",50588
Scarface,1932,93 minutes,7.8,"Action, Crime, Drama",25933
Un long dimanche de fiançailles,2004,133 minutes,7.6,"Drama, Mystery, Romance",71519
The Grapes of Wrath,1940,129 minutes,8.1,"Drama, History",86669
La planète sauvage,1973,72 minutes,7.8,"Animation, Sci-Fi",26852
Waking Life,2001,99 minutes,7.8,"Animation, Drama, Fantasy",61553
The African Queen,1951,105 minutes,7.8,"Adventure, Drama, Romance",72817
Down by Law,1986,107 minutes,7.7,"Comedy, Crime, Drama",48868
Le scaphandre et le papillon,2007,112 minutes,8.0,"Biography, Drama",104358
City Lights,1931,87 minutes,8.5,"Comedy, Drama, Romance",171806
The Man Who Would Be King,1975,129 minutes,7.8,"Adventure, History, War",46018
Bin-jip,2004,88 minutes,8.0,"Crime, Drama, Romance",51947
Hannah and Her Sisters,1986,107 minutes,7.9,"Comedy, Drama",68336
Victoria,2015,138 minutes,7.6,"Crime, Drama, Romance",54763
Lat sau san taam,1992,128 minutes,7.8,"Action, Crime, Thriller",47528
Invasion of the Body Snatchers,1956,80 minutes,7.7,"Drama, Horror, Sci-Fi",45825
Death Note: Desu nôto,2006,126 minutes,7.7,"Crime, Drama, Fantasy",29066
Cat on a Hot Tin Roof,1958,108 minutes,8.0,Drama,46322
Philomena,2013,98 minutes,7.6,"Biography, Comedy, Drama",95706
Repulsion,1965,105 minutes,7.7,"Drama, Horror, Thriller",49902
Fantasia,1940,125 minutes,7.7,"Animation, Family, Fantasy",90289
La double vie de Véronique,1991,98 minutes,7.8,"Drama, Fantasy, Music",43950
Perfetti sconosciuti,2016,96 minutes,7.8,"Comedy, Drama",59201
Fitzcarraldo,1982,158 minutes,8.1,"Adventure, Drama",32450
Smultronstället,1957,91 minutes,8.2,"Drama, Romance",99142
The Station Agent,2003,89 minutes,7.6,"Comedy, Drama",68040
The Muppet Movie,1979,95 minutes,7.6,"Adventure, Comedy, Family",33554
Il conformista,1970,113 minutes,8.0,Drama,28008
Adams æbler,2005,94 minutes,7.8,"Comedy, Crime, Drama",47102
Uri: The Surgical Strike,2018,138 minutes,8.2,"Action, Drama, War",46008
Das weiße Band - Eine deutsche Kindergeschichte,2009,144 minutes,7.8,"Drama, History, Mystery",69891
"Aguirre, der Zorn Gottes",1972,95 minutes,7.9,"Action, Adventure, Biography",53556
Tropa de Elite,2007,115 minutes,8.0,"Action, Crime, Drama",99492
Andrei Rublev,1966,205 minutes,8.1,"Biography, Drama, History",48806
Bacheha-Ye aseman,1997,89 minutes,8.3,"Drama, Family, Sport",67813
Secrets & Lies,1996,136 minutes,8.0,"Comedy, Drama",38885
Ondskan,2003,113 minutes,7.8,Drama,36157
Article 15,2019,130 minutes,8.2,"Crime, Drama, Mystery",25729
Cape Fear,1962,106 minutes,7.7,"Drama, Thriller",27017
Night on Earth,1991,129 minutes,7.7,"Comedy, Drama",56694
A Man for All Seasons,1966,120 minutes,7.7,"Biography, Drama, History",32253
All Quiet on the Western Front,1930,152 minutes,8.1,"Drama, War",58064
Gegen die Wand,2004,121 minutes,7.9,"Drama, Romance",52095
Diarios de motocicleta,2004,126 minutes,7.8,"Adventure, Biography, Drama",98050
Hable con ella,2002,112 minutes,7.9,"Drama, Mystery, Romance",106020
Omoide no Mânî,2014,103 minutes,7.7,"Animation, Drama, Family",34834
Song of the Sea,2014,93 minutes,8.1,"Animation, Adventure, Drama",53826
Gully Boy,2019,154 minutes,8.0,"Drama, Music, Romance",33911
Control,2007,122 minutes,7.7,"Biography, Drama, Music",62435
Eskiya,1996,128 minutes,8.2,"Crime, Drama, Thriller",66125
Delicatessen,1991,99 minutes,7.6,"Comedy, Crime",81724
Das Cabinet des Dr. Caligari,1920,76 minutes,8.1,"Fantasy, Horror, Mystery",58673
Kagemusha,1980,180 minutes,8.0,"Drama, History, War",33057
Giù la testa,1971,157 minutes,7.6,"Drama, War, Western",30964
Le samouraï,1967,105 minutes,8.1,"Crime, Drama, Mystery",46888
Wait Until Dark,1967,108 minutes,7.8,Thriller,28325
Todo sobre mi madre,1999,101 minutes,7.9,Drama,91130
Forushande,2016,124 minutes,7.8,Drama,53329
Nelyubov,2017,127 minutes,7.6,Drama,30887
Leviafan,2014,140 minutes,7.6,"Crime, Drama",50532
Under sandet,2015,100 minutes,7.8,"Drama, History, War",37272
Lagaan: Once Upon a Time in India,2001,224 minutes,8.1,"Drama, Musical, Sport",107260
Mr. Smith Goes to Washington,1939,129 minutes,8.1,"Comedy, Drama",109052
Rockstar,2011,159 minutes,7.7,"Drama, Music, Romance",40845
Sacrifice,1986,149 minutes,8.1,Drama,25486
My Name Is Khan,2010,165 minutes,8.0,Drama,101029
Inherit the Wind,1960,128 minutes,8.1,"Biography, Drama, History",28023
Shadow of a Doubt,1943,108 minutes,7.8,"Film-Noir, Thriller",60888
Shine,1996,105 minutes,7.7,"Biography, Drama, Music",52077
Dom za vesanje,1988,142 minutes,8.2,"Comedy, Crime, Drama",28419
The Adventures of Robin Hood,1938,102 minutes,7.9,"Action, Adventure, Romance",47965
Frost/Nixon,2008,122 minutes,7.7,"Biography, Drama, History",104476
Freaks,1932,64 minutes,7.9,"Drama, Horror",42832
The World's Fastest Indian,2005,127 minutes,7.8,"Biography, Drama, Sport",52699
A Hard Day's Night,1964,87 minutes,7.6,"Comedy, Musical",41053
His Girl Friday,1940,92 minutes,7.9,"Comedy, Drama, Romance",54744
Underground,1995,170 minutes,8.1,"Comedy, Drama, Fantasy",55999
To Have and Have Not,1944,100 minutes,7.8,"Adventure, Comedy, Film-Noir",31776
Le passé,2013,130 minutes,7.7,"Drama, Mystery",45796
Amarcord,1973,123 minutes,7.9,"Comedy, Drama",40790
Le Petit Prince,2015,108 minutes,7.7,"Animation, Adventure, Drama",58117
Interstate 60: Episodes of the Road,2002,116 minutes,7.7,"Adventure, Comedy, Drama",30525
Out of the Past,1947,97 minutes,8.0,"Crime, Drama, Film-Noir",33683
Kaguyahime no monogatari,2013,137 minutes,8.0,"Animation, Adventure, Drama",40826
The Lunchbox,2013,104 minutes,7.8,"Drama, Romance",52135
Pink,2016,136 minutes,8.1,"Crime, Drama, Thriller",40977
In a Lonely Place,1950,94 minutes,8.0,"Drama, Film-Noir, Mystery",27851
Trois couleurs: Blanc,1994,92 minutes,7.6,"Comedy, Drama, Romance",66609
Le salaire de la peur,1953,131 minutes,8.1,"Adventure, Drama, Thriller",56148
Ivanovo detstvo,1962,95 minutes,8.1,"Drama, War",32908
Spoorloos,1988,107 minutes,7.7,"Mystery, Thriller",34767
The Red Shoes,1948,135 minutes,8.1,"Drama, Music, Romance",31826
Special Chabbis,2013,144 minutes,8.0,"Crime, Drama, Thriller",52369
Bringing Up Baby,1938,102 minutes,7.9,"Comedy, Family, Romance",56270
Mar adentro,2004,126 minutes,8.0,"Biography, Drama",78659
Sunrise: A Song of Two Humans,1927,94 minutes,8.1,"Drama, Romance",47810
The Broken Circle Breakdown,2012,111 minutes,7.7,"Drama, Music, Romance",39947
Batman: Mask of the Phantasm,1993,76 minutes,7.8,"Animation, Action, Crime",45095
Dil Chahta Hai,2001,183 minutes,8.1,"Comedy, Drama, Romance",68155
Ôkami kodomo no Ame to Yuki,2012,117 minutes,8.1,"Animation, Drama, Fantasy",40299
Chhichhore,2019,143 minutes,8.3,"Comedy, Drama",38628
Ta'm e guilass,1997,95 minutes,7.7,Drama,25556
Darbareye Elly,2009,119 minutes,8.0,"Drama, Mystery",47627
Baahubali 2: The Conclusion,2017,167 minutes,8.2,"Action, Drama",78551
The Odd Couple,1968,105 minutes,7.7,Comedy,32382
The Message,1976,177 minutes,8.2,"Biography, Drama, History",44833
Tôkyô monogatari,1953,136 minutes,8.2,Drama,55308
Jûbê ninpûchô,1993,94 minutes,7.9,"Animation, Action, Adventure",35243
Key Largo,1948,100 minutes,7.8,"Action, Crime, Drama",37706
Persepolis,2007,96 minutes,8.0,"Animation, Biography, Drama",90217
Lilja 4-ever,2002,109 minutes,7.8,"Crime, Drama",43406
"I, Daniel Blake",2016,100 minutes,7.9,Drama,55814
Viskningar och rop,1972,91 minutes,8.1,Drama,31161
Vivre sa vie: Film en douze tableaux,1962,80 minutes,8.0,Drama,29126
Höstsonaten,1978,99 minutes,8.2,"Drama, Music",29169
The Invisible Man,1933,71 minutes,7.7,"Horror, Sci-Fi",31498
Kahaani,2012,122 minutes,8.1,"Mystery, Thriller",59077
Du rififi chez les hommes,1955,118 minutes,8.1,"Crime, Drama, Thriller",30768
Kakushi-toride no san-akunin,1958,139 minutes,8.1,"Adventure, Drama",35879
Bride of Frankenstein,1935,75 minutes,7.8,"Drama, Horror, Sci-Fi",44306
Le charme discret de la bourgeoisie,1972,102 minutes,7.9,Comedy,39815
The General,1926,67 minutes,8.1,"Action, Adventure, Comedy",83065
Les diaboliques,1955,117 minutes,8.1,"Crime, Drama, Horror",62436
Lifeboat,1944,97 minutes,7.6,"Drama, War",27009
Efter brylluppet,2006,120 minutes,7.7,Drama,32925
To Be or Not to Be,1942,99 minutes,8.2,"Comedy, Romance, War",31879
Dilwale Dulhania Le Jayenge,1995,189 minutes,8.1,"Drama, Romance",65147
The Gold Rush,1925,95 minutes,8.2,"Adventure, Comedy, Drama",103641
La battaglia di Algeri,1966,121 minutes,8.1,"Drama, War",54815
Les yeux sans visage,1960,90 minutes,7.7,"Drama, Horror",28509
Il postino,1994,108 minutes,7.7,"Biography, Comedy, Drama",34360
Omohide poro poro,1991,118 minutes,7.6,"Animation, Drama, Romance",28461
M.S. Dhoni: The Untold Story,2016,184 minutes,7.9,"Biography, Drama, Sport",43756
The 39 Steps,1935,86 minutes,7.7,"Crime, Mystery, Thriller",53160
Vozvrashchenie,2003,110 minutes,8.0,Drama,43413
Kis Uykusu,2014,196 minutes,8.1,Drama,48200
Talvar,2015,132 minutes,8.2,"Crime, Drama, Mystery",32323
Les choristes,2004,97 minutes,7.9,"Comedy, Drama, Music",58635
Au revoir les enfants,1987,104 minutes,8.0,"Drama, War",31909
Celda 211,2009,113 minutes,7.6,"Action, Adventure, Crime",64829
Rupan sansei: Kariosutoro no shiro,1979,100 minutes,7.7,"Animation, Action, Adventure",28040
Jab We Met,2007,138 minutes,7.9,"Comedy, Drama, Romance",49028
Red River,1948,133 minutes,7.8,"Action, Adventure, Drama",28840
Huo Yuan Jia,2006,104 minutes,7.6,"Action, Biography, Drama",73555
Hera Pheri,2000,156 minutes,8.2,"Action, Comedy, Crime",59567
Badhaai ho,2018,124 minutes,8.0,"Comedy, Drama",29529
The Lady Vanishes,1938,96 minutes,7.8,"Mystery, Thriller",48598
Sweet Smell of Success,1957,96 minutes,8.0,"Drama, Film-Noir",29015
Sleuth,1972,138 minutes,8.0,"Mystery, Thriller",45382
Tôkyô goddofâzâzu,2003,90 minutes,7.8,"Animation, Adventure, Comedy",33077
The Innocents,1961,100 minutes,7.8,Horror,27767
Harvey,1950,104 minutes,7.9,"Comedy, Drama, Fantasy",53148
"Crna macka, beli macor",1998,127 minutes,8.1,"Comedy, Crime, Romance",51687
The Magdalene Sisters,2002,114 minutes,7.7,Drama,26268
Ace in the Hole,1951,111 minutes,8.1,"Drama, Film-Noir",32539
Das Experiment,2001,120 minutes,7.7,"Drama, Thriller",91620
Queen,2013,146 minutes,8.2,"Adventure, Comedy, Drama",61866
Rang De Basanti,2006,167 minutes,8.1,"Comedy, Crime, Drama",114461
Crimes and Misdemeanors,1989,104 minutes,7.9,"Comedy, Drama",55603
Vampire Hunter D: Bloodlust,2000,103 minutes,7.7,"Animation, Action, Fantasy",29862
Haider,2014,160 minutes,8.1,"Action, Crime, Drama",51364
Barfi!,2012,151 minutes,8.1,"Comedy, Drama, Romance",77393
Toki o kakeru shôjo,2006,98 minutes,7.7,"Animation, Adventure, Comedy",61875
Kumonosu-jo,1957,110 minutes,8.1,"Drama, History",48041
Yeopgijeogin geunyeo,2001,137 minutes,8.0,"Comedy, Drama, Romance",46005
Andaz Apna Apna,1994,160 minutes,8.1,"Action, Comedy, Romance",50825
The Lost Weekend,1945,101 minutes,7.9,"Drama, Film-Noir",34299
The Thin Man,1934,91 minutes,8.0,"Comedy, Crime, Mystery",27306
La passion de Jeanne d'Arc,1928,110 minutes,8.1,"Biography, Drama, History",49355
Gongdong gyeongbi guyeok JSA,2000,110 minutes,7.8,"Action, Drama, Thriller",27464
Brief Encounter,1945,86 minutes,8.0,"Drama, Romance",36877
Miracle on 34th Street,1947,96 minutes,7.9,"Comedy, Drama, Family",42104
Babam ve Oglum,2005,112 minutes,8.3,"Drama, Family",81263
Ba wang bie ji,1993,171 minutes,8.1,"Drama, Music, Romance",25814
Veer-Zaara,2004,192 minutes,7.8,"Drama, Family, Musical",50111
Hævnen,2010,118 minutes,7.6,"Drama, Romance",38922
Okuribito,2008,130 minutes,8.1,"Drama, Music",49426
La Grande Illusion,1937,113 minutes,8.1,"Drama, War",34436
G.O.R.A.,2004,127 minutes,8.0,"Adventure, Comedy, Sci-Fi",58669
La Strada,1954,108 minutes,8.0,Drama,59414
Dip huet seung hung,1989,111 minutes,7.8,"Action, Crime, Drama",46231
In America,2002,105 minutes,7.7,Drama,40721
Le notti di Cabiria,1957,110 minutes,8.1,Drama,44096
The Visitor,2007,104 minutes,7.6,Drama,41863
Bir Zamanlar Anadolu'da,2011,157 minutes,7.9,"Crime, Drama",43494
Dà hóng denglong gaogao guà,1991,125 minutes,8.1,"Drama, History, Romance",30338
Jungfrukällan,1960,89 minutes,8.1,Drama,27318
Kokuhaku,2010,106 minutes,7.7,"Drama, Thriller",36472
Tropa de Elite 2: O Inimigo Agora é Outro,2010,115 minutes,8.0,"Action, Crime, Drama",80151
Bronenosets Potemkin,1925,75 minutes,8.0,"Drama, History, Thriller",54211
The Secret of Kells,2009,71 minutes,7.6,"Animation, Adventure, Family",33024
Kal Ho Naa Ho,2003,186 minutes,7.9,"Comedy, Drama, Musical",64990
Airlift,2016,130 minutes,8.0,"Drama, History",53905
Hana-bi,1997,103 minutes,7.8,"Crime, Drama, Romance",28475
Jules et Jim,1962,105 minutes,7.8,"Drama, Romance",38628
Kind Hearts and Coronets,1949,106 minutes,8.0,"Comedy, Crime",35105
"Swades: We, the People",2004,210 minutes,8.2,Drama,85359
Mandariinid,2013,87 minutes,8.2,"Drama, War",42754
Bhaag Milkha Bhaag,2013,186 minutes,8.2,"Biography, Drama, Sport",62653
L'avventura,1960,144 minutes,7.9,"Drama, Mystery, Romance",27335
White Heat,1949,114 minutes,8.1,"Action, Crime, Drama",30474
El ángel exterminador,1962,95 minutes,8.1,"Drama, Fantasy",30462
Udta Punjab,2016,148 minutes,7.8,"Action, Crime, Drama",28026
Dev.D,2009,144 minutes,8.0,"Drama, Romance",29289
"4 luni, 3 saptamâni si 2 zile",2007,113 minutes,7.9,Drama,57560
No Man's Land,2001,98 minutes,7.9,"Comedy, Drama, War",45345
Hiroshima mon amour,1959,90 minutes,7.9,"Drama, Romance",29315
Les triplettes de Belleville,2003,80 minutes,7.8,"Animation, Comedy, Drama",51243
The Purple Rose of Cairo,1985,82 minutes,7.7,"Comedy, Fantasy, Romance",47902
Baby,2015,159 minutes,8.0,"Action, Thriller",54011
Paan Singh Tomar,2012,135 minutes,8.2,"Action, Biography, Crime",34173
The Shop Around the Corner,1940,99 minutes,8.1,"Comedy, Drama, Romance",29181
Duck Soup,1933,69 minutes,7.8,"Comedy, Musical, War",56313
English Vinglish,2012,134 minutes,7.8,"Comedy, Drama, Family",34294
A Wednesday,2008,104 minutes,8.1,"Action, Crime, Drama",75135
Udaan,2010,134 minutes,8.1,Drama,43206
Sholay,1975,204 minutes,8.2,"Action, Adventure, Comedy",52523
Central do Brasil,1998,110 minutes,8.0,Drama,37238
Love and Death,1975,85 minutes,7.7,"Comedy, War",36718
OMG: Oh My God!,2012,125 minutes,8.1,"Comedy, Drama, Fantasy",53469
Vicky Donor,2012,126 minutes,7.8,"Comedy, Romance",40595
Sherlock Jr.,1924,45 minutes,8.2,"Action, Comedy, Romance",43895
Black,2005,122 minutes,8.2,Drama,33786
Nueve reinas,2000,114 minutes,7.9,"Crime, Drama, Thriller",50585
Chak De! India,2007,153 minutes,8.2,"Drama, Family, Sport",75804
Sanjuro,1962,96 minutes,8.1,"Action, Comedy, Crime",34019
C.R.A.Z.Y.,2005,129 minutes,7.9,"Comedy, Drama",31709
Raazi,2018,138 minutes,7.8,"Action, Drama, Thriller",26573
Taegukgi hwinalrimyeo,2004,140 minutes,8.0,"Action, Drama, War",38218
Joyeux Noël,2005,116 minutes,7.7,"Drama, History, Music",28292
Le dîner de cons,1998,80 minutes,7.7,Comedy,38104
Kai po che!,2013,130 minutes,7.8,"Drama, Sport",34063
La règle du jeu,1939,110 minutes,8.0,"Comedy, Drama",27217
A Night at the Opera,1935,96 minutes,7.9,"Comedy, Music, Musical",31079
Munna Bhai M.B.B.S.,2003,156 minutes,8.1,"Comedy, Drama",75828
Knockin' on Heaven's Door,1997,87 minutes,7.9,"Action, Crime, Comedy",28305
Zelig,1983,79 minutes,7.7,Comedy,40490
Vizontele,2001,110 minutes,8.0,"Comedy, Drama",34553
The Muppet Christmas Carol,1992,85 minutes,7.7,"Comedy, Drama, Family",50935
Lage Raho Munna Bhai,2006,144 minutes,8.0,"Comedy, Drama, Romance",44102
The Circus,1928,72 minutes,8.1,"Comedy, Romance",31068
Auf der anderen Seite,2007,122 minutes,7.8,Drama,31144
Nefes: Vatan Sagolsun,2009,128 minutes,8.0,"Action, Drama, Thriller",32373
Anand,1971,122 minutes,8.3,"Drama, Musical",31940
